Income,Balance
0.550798,5.651202
0.708148,7.321263
0.290905,5.167304
0.510828,5.609367
0.892947,9.406379
0.896293,9.379439
0.125585,2.734997
0.207243,4.876649
0.051467,3.584138
0.44081,5.437239
